{"cameraMode":{"drawMode":0,"name":"Shaded","section":"Shading Mode"},"sceneLighting":true,"audioPlay":false,"sceneViewState":{"showFog":true,"showMaterialUpdate":false,"showSkybox":true,"showFlares":true,"showImageEffects":true,"showParticleSystems":true},"in2DMode":false,"pivot":{"x":38.880760192871097,"y":0.5239994525909424,"z":1.8863978385925294},"rotation":{"x":-0.2319021373987198,"y":-0.5460020899772644,"z":0.16049054265022279,"w":-0.7888971567153931},"size":29.108022689819337,"orthographic":false}