{"cameraMode":{"drawMode":0,"name":"Shaded","section":"Shading Mode"},"sceneLighting":true,"audioPlay":false,"sceneViewState":{"showFog":true,"showMaterialUpdate":false,"showSkybox":true,"showFlares":true,"showImageEffects":true,"showParticleSystems":true},"in2DMode":false,"pivot":{"x":37.099998474121097,"y":0.5,"z":1.7999999523162842},"rotation":{"x":-0.2319021373987198,"y":-0.5460020899772644,"z":0.16049054265022279,"w":-0.7888971567153931},"size":8.910106658935547,"orthographic":false}