{"cameraMode":{"drawMode":0,"name":"Shaded","section":"Shading Mode"},"sceneLighting":true,"audioPlay":false,"sceneViewState":{"showFog":true,"showMaterialUpdate":false,"showSkybox":true,"showFlares":true,"showImageEffects":true,"showParticleSystems":true},"in2DMode":false,"pivot":{"x":12.870500564575196,"y":27.170591354370118,"z":-1.0908417701721192},"rotation":{"x":-0.6405013203620911,"y":0.018876636400818826,"z":-0.01575951837003231,"w":-0.7675715684890747},"size":28.681854248046876,"orthographic":false}