{"cameraMode":{"drawMode":0,"name":"Shaded","section":"Shading Mode"},"sceneLighting":true,"audioPlay":false,"sceneViewState":{"showFog":true,"showMaterialUpdate":false,"showSkybox":true,"showFlares":true,"showImageEffects":true,"showParticleSystems":true},"in2DMode":false,"pivot":{"x":8.666400909423829,"y":-1.4540996551513672,"z":10.258147239685059},"rotation":{"x":0.6887861490249634,"y":0.009785853326320649,"z":-0.009299167431890965,"w":0.7248397469520569},"size":24.92069435119629,"orthographic":false}