{"cameraMode":{"drawMode":0,"name":"Shaded","section":"Shading Mode"},"sceneLighting":true,"audioPlay":false,"sceneViewState":{"showFog":true,"showMaterialUpdate":false,"showSkybox":true,"showFlares":true,"showImageEffects":true,"showParticleSystems":true},"in2DMode":false,"pivot":{"x":9.912334442138672,"y":-14.74820327758789,"z":13.758209228515625},"rotation":{"x":0.6102666258811951,"y":0.002376555697992444,"z":-0.0018307676073163748,"w":0.792192280292511},"size":37.71491622924805,"orthographic":false}